[{"model": "contenttypes.contenttype", "pk": 1, "fields": {"app_label": "admin", "model": "logentry"}}, {"model": "contenttypes.contenttype", "pk": 2, "fields": {"app_label": "auth", "model": "permission"}}, {"model": "contenttypes.contenttype", "pk": 3, "fields": {"app_label": "auth", "model": "group"}}, {"model": "contenttypes.contenttype", "pk": 4, "fields": {"app_label": "auth", "model": "user"}}, {"model": "contenttypes.contenttype", "pk": 5, "fields": {"app_label": "contenttypes", "model": "contenttype"}}, {"model": "contenttypes.contenttype", "pk": 6, "fields": {"app_label": "sessions", "model": "session"}}, {"model": "contenttypes.contenttype", "pk": 7, "fields": {"app_label": "shop", "model": "category"}}, {"model": "contenttypes.contenttype", "pk": 8, "fields": {"app_label": "shop", "model": "product"}}, {"model": "contenttypes.contenttype", "pk": 9, "fields": {"app_label": "orders", "model": "order"}}, {"model": "contenttypes.contenttype", "pk": 10, "fields": {"app_label": "orders", "model": "orderitem"}}, {"model": "contenttypes.contenttype", "pk": 11, "fields": {"app_label": "djcelery", "model": "taskmeta"}}, {"model": "contenttypes.contenttype", "pk": 12, "fields": {"app_label": "djcelery", "model": "tasksetmeta"}}, {"model": "contenttypes.contenttype", "pk": 13, "fields": {"app_label": "djcelery", "model": "intervalschedule"}}, {"model": "contenttypes.contenttype", "pk": 14, "fields": {"app_label": "djcelery", "model": "crontabschedule"}}, {"model": "contenttypes.contenttype", "pk": 15, "fields": {"app_label": "djcelery", "model": "periodictasks"}}, {"model": "contenttypes.contenttype", "pk": 16, "fields": {"app_label": "djcelery", "model": "periodictask"}}, {"model": "contenttypes.contenttype", "pk": 17, "fields": {"app_label": "djcelery", "model": "workerstate"}}, {"model": "contenttypes.contenttype", "pk": 18, "fields": {"app_label": "djcelery", "model": "taskstate"}}, {"model": "contenttypes.contenttype", "pk": 19, "fields": {"app_label": "ipn", "model": "paypalipn"}}, {"model": "sessions.session", "pk": "0rmy1k5m6mcd93l421y5njg2b6g931t9", "fields": {"session_data": "YmRkMmQ3YzhiZTU2YjBkZmE2Y2Q4OGI0OGNjNTdmMTFhMWUwM2JjMzp7ImNhcnQiOnt9LCJfYXV0aF91c2VyX2JhY2tlbmQiOiJkamFuZ28uY29udHJpYi5hdXRoLmJhY2tlbmRzLk1vZGVsQmFja2VuZCIsIl9hdXRoX3VzZXJfaWQiOiIxIiwiX2F1dGhfdXNlcl9oYXNoIjoiMjdkNjI1Yjk2MGQzMzg0MzI5NzYzMmYxYWFmNWI2YzAzMjU4NWRmOCJ9", "expire_date": "2017-06-15T23:36:49.458Z"}}, {"model": "sessions.session", "pk": "6cjg44rtdshp0ayheptmw5lqbl7zaa6c", "fields": {"session_data": "ZTRjMGM0ZmZhODZjODJmNjUxODBjN2FkMTVmMmUxMjhmNjZhMThiZjp7ImNhcnQiOnt9fQ==", "expire_date": "2017-07-03T22:30:35.109Z"}}, {"model": "sessions.session", "pk": "lbdna30b7qt29nwy7we3az8gwrgdhicq", "fields": {"session_data": "ZmFjNzE3YmRjZjIwZjBiMjAxM2Y5YzQ1OTY3YTdmZDE5MzJmZjRkNDp7Il9hdXRoX3VzZXJfaWQiOiIyIiwiX2F1dGhfdXNlcl9iYWNrZW5kIjoiZGphbmdvLmNvbnRyaWIuYXV0aC5iYWNrZW5kcy5Nb2RlbEJhY2tlbmQiLCJfYXV0aF91c2VyX2hhc2giOiIyMDQwMjQzN2JiNWU2OGZhNzQ2MTlmZDdkMWY5ZWM5MTVkNzgyODU1Iiwib3JkZXJfaWQiOjE4LCJjYXJ0Ijp7fX0=", "expire_date": "2017-06-15T20:18:34.463Z"}}, {"model": "sessions.session", "pk": "mb69vki8hq7yl82vzmqyhncgpw2vsu1g", "fields": {"session_data": "YWYyYWI3ZDQ2YjVjZWNjMjUwYWZiOWEzYTExYzM2YWVmOTBlNWUzNjp7Il9hdXRoX3VzZXJfaWQiOiIzIiwiX2F1dGhfdXNlcl9oYXNoIjoiYzIyYjliYmU4NmM5MzZmZmJkMzk5NWY0MjZlMGFlYTE0MTk4MGQyOCIsImNhcnQiOnsiMTEiOnsicXVhbnRpdHkiOjEsInByaWNlIjoiMjAwLjAwIn19LCJfYXV0aF91c2VyX2JhY2tlbmQiOiJkamFuZ28uY29udHJpYi5hdXRoLmJhY2tlbmRzLk1vZGVsQmFja2VuZCJ9", "expire_date": "2017-07-03T15:51:15.067Z"}}, {"model": "shop.category", "pk": 2, "fields": {"name": "Sunglasses", "slug": "sunglasses"}}, {"model": "shop.category", "pk": 3, "fields": {"name": "Shoes", "slug": "shoes"}}, {"model": "shop.category", "pk": 4, "fields": {"name": "Bags", "slug": "bags"}}, {"model": "shop.category", "pk": 5, "fields": {"name": "Watches", "slug": "watches"}}, {"model": "shop.category", "pk": 6, "fields": {"name": "Jewelry", "slug": "jewelry"}}, {"model": "shop.product", "pk": 6, "fields": {"category": 2, "name": "burberryglass1", "slug": "burberryglass1", "image": "products/2017/06/19/burberryglass1.jpg", "description": "This is Burberry sunglass.", "price": "120.00", "stock": 2, "available": true, "created": "2017-06-19T12:55:33.874Z", "updated": "2017-06-19T12:55:33.874Z"}}, {"model": "shop.product", "pk": 7, "fields": {"category": 2, "name": "Burburry sunglass", "slug": "burburry-sunglass", "image": "products/2017/06/19/burberryglass2.jpg", "description": "This is the second Burburry sunglasses.", "price": "100.00", "stock": 1, "available": true, "created": "2017-06-19T12:57:45.133Z", "updated": "2017-06-19T12:57:45.133Z"}}, {"model": "shop.product", "pk": 8, "fields": {"category": 2, "name": "chanel-butterfly-sunglass-1", "slug": "chanel-butterfly-sunglass-1", "image": "products/2017/06/19/chanelbutterflySunglass1.jpg", "description": "This is the chanel butterfly sunglasses.", "price": "200.00", "stock": 2, "available": true, "created": "2017-06-19T13:01:45.852Z", "updated": "2017-06-19T13:01:45.852Z"}}, {"model": "shop.product", "pk": 9, "fields": {"category": 4, "name": "Burberry backbag", "slug": "burberry-backbag", "image": "products/2017/06/19/Burberrybackbag1.jpg", "description": "THis is the my favorite Burberrybackbag.", "price": "80.00", "stock": 2, "available": true, "created": "2017-06-19T13:07:51.398Z", "updated": "2017-06-19T13:07:51.398Z"}}, {"model": "shop.product", "pk": 10, "fields": {"category": 4, "name": "burberry bags", "slug": "burberry-bags", "image": "products/2017/06/19/burberrybackbag2.jpg", "description": "bags.", "price": "123.00", "stock": 1, "available": true, "created": "2017-06-19T13:09:01.410Z", "updated": "2017-06-19T13:09:01.410Z"}}, {"model": "shop.product", "pk": 11, "fields": {"category": 6, "name": "Burberry-necklace", "slug": "burberry-necklace", "image": "products/2017/06/19/burberrynecklace1.jpg", "description": "Necklace of brand Burberry.", "price": "200.00", "stock": 5, "available": true, "created": "2017-06-19T13:09:45.042Z", "updated": "2017-06-19T13:09:45.042Z"}}, {"model": "shop.product", "pk": 12, "fields": {"category": 6, "name": "Necklace-Burberry", "slug": "necklace-burberry", "image": "products/2017/06/19/burberrynecklace2.jpg", "description": "This is the necklace-Burberry.", "price": "100.00", "stock": 2, "available": true, "created": "2017-06-19T13:14:52.931Z", "updated": "2017-06-19T13:14:52.931Z"}}, {"model": "shop.product", "pk": 13, "fields": {"category": 3, "name": "shoes-burberry", "slug": "shoes-burberry", "image": "products/2017/06/19/burberryshoes1.jpg", "description": "This is the burberry shoes.", "price": "100.00", "stock": 4, "available": true, "created": "2017-06-19T14:18:25.002Z", "updated": "2017-06-19T14:18:25.002Z"}}, {"model": "shop.product", "pk": 14, "fields": {"category": 3, "name": "burberry shoes", "slug": "burberry-shoes", "image": "products/2017/06/19/burberryshoes2.jpg", "description": "", "price": "135.00", "stock": 3, "available": true, "created": "2017-06-19T15:02:16.821Z", "updated": "2017-06-19T15:02:16.821Z"}}, {"model": "shop.product", "pk": 15, "fields": {"category": 5, "name": "gucci-watch", "slug": "gucci-watch", "image": "products/2017/06/19/GucceMG-TimelessWatch1.jpg", "description": "this is the gucci watch.", "price": "2000.00", "stock": 3, "available": true, "created": "2017-06-19T16:02:23.365Z", "updated": "2017-06-19T16:02:23.365Z"}}, {"model": "shop.product", "pk": 16, "fields": {"category": 6, "name": "coach -necklace", "slug": "coach-necklace", "image": "products/2017/06/19/coachnecklace1.jpg", "description": "this is the coachnecklace", "price": "200.00", "stock": 4, "available": true, "created": "2017-06-19T21:29:21.374Z", "updated": "2017-06-19T21:29:21.374Z"}}, {"model": "orders.order", "pk": 1, "fields": {"first_name": "Lorem ", "last_name": "Ipsum", "email": "lorem@email.com", "address": "lorem ipsum street", "postal_code": "555666-555", "city": "Lorem City", "created": "2017-05-24T18:48:59.086Z", "updated": "2017-05-24T18:48:59.087Z", "paid": false}}, {"model": "orders.order", "pk": 2, "fields": {"first_name": "Lorem ", "last_name": "Ipsum", "email": "lorem@email.com", "address": "lorem ipsum street", "postal_code": "555666-555", "city": "Lorem City", "created": "2017-05-24T18:51:26.121Z", "updated": "2017-05-24T18:51:26.121Z", "paid": false}}, {"model": "orders.order", "pk": 3, "fields": {"first_name": "Lorem ", "last_name": "Ipsum", "email": "lorem@email.com", "address": "lorem ipsum street", "postal_code": "555666-555", "city": "Lorem City", "created": "2017-05-24T18:58:03.975Z", "updated": "2017-05-24T18:58:03.975Z", "paid": false}}, {"model": "orders.order", "pk": 4, "fields": {"first_name": "Lorem ", "last_name": "Ipsum", "email": "jensenjohhansonjj@gmail.com", "address": "lorem ipsum street", "postal_code": "56696-9985", "city": "Lorem City", "created": "2017-05-25T00:09:52.259Z", "updated": "2017-05-25T00:09:52.260Z", "paid": false}}, {"model": "orders.order", "pk": 5, "fields": {"first_name": "Lorem ", "last_name": "Ipsum", "email": "jensenjohhansonjj@gmail.com", "address": "lorem ipsum street", "postal_code": "456987--985", "city": "Lorem City", "created": "2017-05-25T17:10:03.117Z", "updated": "2017-05-25T17:10:03.117Z", "paid": false}}, {"model": "orders.order", "pk": 6, "fields": {"first_name": "User", "last_name": "one", "email": "user@email.com", "address": "Street one", "postal_code": "69874-896", "city": "New York", "created": "2017-05-25T19:55:16.003Z", "updated": "2017-05-25T19:55:16.003Z", "paid": false}}, {"model": "orders.order", "pk": 7, "fields": {"first_name": "User", "last_name": "Two", "email": "user2@email.com", "address": "Street two", "postal_code": "258964-854", "city": "New York", "created": "2017-05-25T23:25:29.932Z", "updated": "2017-05-25T23:25:29.932Z", "paid": false}}, {"model": "orders.order", "pk": 8, "fields": {"first_name": "Scooby", "last_name": "Doo", "email": "scooby@email.com", "address": "Street scooby", "postal_code": "865659-665", "city": "Sooby City", "created": "2017-05-26T00:02:04.829Z", "updated": "2017-05-26T00:02:04.829Z", "paid": false}}, {"model": "orders.order", "pk": 9, "fields": {"first_name": "User", "last_name": "Three", "email": "user3@email.com", "address": "User street", "postal_code": "85479", "city": "User city", "created": "2017-05-27T01:26:13.342Z", "updated": "2017-05-27T01:26:13.342Z", "paid": false}}, {"model": "orders.order", "pk": 10, "fields": {"first_name": "U", "last_name": "Three", "email": "user3@email.com", "address": "User street", "postal_code": "96584", "city": "User city", "created": "2017-05-27T01:28:10.382Z", "updated": "2017-05-27T01:28:10.383Z", "paid": false}}, {"model": "orders.order", "pk": 11, "fields": {"first_name": "U", "last_name": "Three", "email": "user3@email.com", "address": "User street", "postal_code": "96584", "city": "User city", "created": "2017-05-27T01:33:12.529Z", "updated": "2017-05-27T01:33:12.530Z", "paid": false}}, {"model": "orders.order", "pk": 12, "fields": {"first_name": "User", "last_name": "Three", "email": "user3@email.com", "address": "User street", "postal_code": "5985", "city": "User city", "created": "2017-05-27T01:34:11.704Z", "updated": "2017-05-27T01:34:11.705Z", "paid": false}}, {"model": "orders.order", "pk": 13, "fields": {"first_name": "User", "last_name": "Three", "email": "user3@email.com", "address": "User street", "postal_code": "5985", "city": "User city", "created": "2017-05-27T01:34:11.962Z", "updated": "2017-05-27T01:34:11.962Z", "paid": false}}, {"model": "orders.order", "pk": 14, "fields": {"first_name": "User", "last_name": "Three", "email": "user3@email.com", "address": "User street", "postal_code": "884584", "city": "User city", "created": "2017-05-27T01:43:44.218Z", "updated": "2017-05-27T01:43:44.223Z", "paid": false}}, {"model": "orders.order", "pk": 15, "fields": {"first_name": "Client", "last_name": "One", "email": "client@email.com", "address": "Street one", "postal_code": "56668", "city": "City one", "created": "2017-06-01T19:22:43.598Z", "updated": "2017-06-01T19:22:43.598Z", "paid": false}}, {"model": "orders.order", "pk": 16, "fields": {"first_name": "Client", "last_name": "One", "email": "client@email.com", "address": "Street one", "postal_code": "56668", "city": "City one", "created": "2017-06-01T19:29:36.028Z", "updated": "2017-06-01T19:29:36.028Z", "paid": false}}, {"model": "orders.order", "pk": 17, "fields": {"first_name": "Client", "last_name": "One", "email": "client@email.com", "address": "Street scooby", "postal_code": "5564785", "city": "City one", "created": "2017-06-01T19:33:51.571Z", "updated": "2017-06-01T19:33:51.571Z", "paid": false}}, {"model": "orders.order", "pk": 18, "fields": {"first_name": "Client", "last_name": "One", "email": "client@email.com", "address": "Street one", "postal_code": "5455665", "city": "City one", "created": "2017-06-01T20:05:54.948Z", "updated": "2017-06-01T20:05:54.949Z", "paid": false}}, {"model": "orders.order", "pk": 19, "fields": {"first_name": "Client", "last_name": "One", "email": "client@email.com", "address": "Street one", "postal_code": "5455665", "city": "City one", "created": "2017-06-01T20:05:55.438Z", "updated": "2017-06-01T20:05:55.438Z", "paid": false}}, {"model": "orders.order", "pk": 20, "fields": {"first_name": "paul", "last_name": "huang", "email": "paul_hzq@hotmail.com", "address": "23 addrss dr", "postal_code": "48108", "city": "ann arbor", "created": "2017-06-19T10:44:55.216Z", "updated": "2017-06-19T10:44:55.216Z", "paid": false}}, {"model": "orders.order", "pk": 21, "fields": {"first_name": "fasdf", "last_name": "asdf", "email": "paul@adfa.com", "address": "asdf", "postal_code": "asdf", "city": "adsf", "created": "2017-06-19T10:46:43.056Z", "updated": "2017-06-19T10:46:43.056Z", "paid": false}}, {"model": "orders.order", "pk": 22, "fields": {"first_name": "paul", "last_name": "huang", "email": "paul_hzq@hotmail.com", "address": "3442 asdf dr", "postal_code": "48108", "city": "ann arbor", "created": "2017-06-19T11:05:37.350Z", "updated": "2017-06-19T11:05:37.350Z", "paid": false}}, {"model": "orders.order", "pk": 23, "fields": {"first_name": "paul", "last_name": "hzq", "email": "adf@gmail.com", "address": "43 hzefa dr", "postal_code": "48108", "city": "ann arbor", "created": "2017-06-19T11:08:36.527Z", "updated": "2017-06-19T11:08:36.527Z", "paid": false}}, {"model": "orders.order", "pk": 24, "fields": {"first_name": "adf", "last_name": "asdfa", "email": "as@gmail.com", "address": "adfa fads", "postal_code": "afa", "city": "af", "created": "2017-06-19T14:14:22.083Z", "updated": "2017-06-19T14:14:22.083Z", "paid": false}}, {"model": "orders.order", "pk": 25, "fields": {"first_name": "asdf", "last_name": "adsfas", "email": "asdf@gmail.com", "address": "adsf", "postal_code": "asdfa", "city": "asdfa", "created": "2017-06-19T15:05:55.353Z", "updated": "2017-06-19T15:05:55.353Z", "paid": false}}, {"model": "orders.order", "pk": 26, "fields": {"first_name": "paul", "last_name": "huang", "email": "ea@email.com", "address": "234 a adfa dr", "postal_code": "48108", "city": "ann arbor", "created": "2017-06-19T16:11:10.968Z", "updated": "2017-06-19T16:11:10.968Z", "paid": false}}, {"model": "orders.order", "pk": 27, "fields": {"first_name": "paul", "last_name": "huang", "email": "ea@email.com", "address": "234 a adfa dr", "postal_code": "48108", "city": "ann arbor", "created": "2017-06-19T16:16:10.971Z", "updated": "2017-06-19T16:16:10.971Z", "paid": false}}, {"model": "orders.order", "pk": 28, "fields": {"first_name": "fasfas", "last_name": "adsfasdf", "email": "asdfsa@gmail.com", "address": "dsfasdf", "postal_code": "asdfasd", "city": "sdfasdfa", "created": "2017-06-19T21:23:59.292Z", "updated": "2017-06-19T21:23:59.292Z", "paid": false}}, {"model": "orders.orderitem", "pk": 27, "fields": {"order": 24, "product": 9, "price": "80.00", "quantity": 1}}, {"model": "orders.orderitem", "pk": 28, "fields": {"order": 25, "product": 9, "price": "80.00", "quantity": 1}}, {"model": "orders.orderitem", "pk": 29, "fields": {"order": 25, "product": 11, "price": "200.00", "quantity": 1}}, {"model": "orders.orderitem", "pk": 30, "fields": {"order": 26, "product": 9, "price": "80.00", "quantity": 1}}, {"model": "orders.orderitem", "pk": 31, "fields": {"order": 27, "product": 9, "price": "80.00", "quantity": 1}}, {"model": "orders.orderitem", "pk": 32, "fields": {"order": 28, "product": 6, "price": "120.00", "quantity": 1}}, {"model": "auth.permission", "pk": 1, "fields": {"name": "Can add log entry", "content_type": 1, "codename": "add_logentry"}}, {"model": "auth.permission", "pk": 2, "fields": {"name": "Can change log entry", "content_type": 1, "codename": "change_logentry"}}, {"model": "auth.permission", "pk": 3, "fields": {"name": "Can delete log entry", "content_type": 1, "codename": "delete_logentry"}}, {"model": "auth.permission", "pk": 4, "fields": {"name": "Can add permission", "content_type": 2, "codename": "add_permission"}}, {"model": "auth.permission", "pk": 5, "fields": {"name": "Can change permission", "content_type": 2, "codename": "change_permission"}}, {"model": "auth.permission", "pk": 6, "fields": {"name": "Can delete permission", "content_type": 2, "codename": "delete_permission"}}, {"model": "auth.permission", "pk": 7, "fields": {"name": "Can add group", "content_type": 3, "codename": "add_group"}}, {"model": "auth.permission", "pk": 8, "fields": {"name": "Can change group", "content_type": 3, "codename": "change_group"}}, {"model": "auth.permission", "pk": 9, "fields": {"name": "Can delete group", "content_type": 3, "codename": "delete_group"}}, {"model": "auth.permission", "pk": 10, "fields": {"name": "Can add user", "content_type": 4, "codename": "add_user"}}, {"model": "auth.permission", "pk": 11, "fields": {"name": "Can change user", "content_type": 4, "codename": "change_user"}}, {"model": "auth.permission", "pk": 12, "fields": {"name": "Can delete user", "content_type": 4, "codename": "delete_user"}}, {"model": "auth.permission", "pk": 13, "fields": {"name": "Can add content type", "content_type": 5, "codename": "add_contenttype"}}, {"model": "auth.permission", "pk": 14, "fields": {"name": "Can change content type", "content_type": 5, "codename": "change_contenttype"}}, {"model": "auth.permission", "pk": 15, "fields": {"name": "Can delete content type", "content_type": 5, "codename": "delete_contenttype"}}, {"model": "auth.permission", "pk": 16, "fields": {"name": "Can add session", "content_type": 6, "codename": "add_session"}}, {"model": "auth.permission", "pk": 17, "fields": {"name": "Can change session", "content_type": 6, "codename": "change_session"}}, {"model": "auth.permission", "pk": 18, "fields": {"name": "Can delete session", "content_type": 6, "codename": "delete_session"}}, {"model": "auth.permission", "pk": 19, "fields": {"name": "Can add category", "content_type": 7, "codename": "add_category"}}, {"model": "auth.permission", "pk": 20, "fields": {"name": "Can change category", "content_type": 7, "codename": "change_category"}}, {"model": "auth.permission", "pk": 21, "fields": {"name": "Can delete category", "content_type": 7, "codename": "delete_category"}}, {"model": "auth.permission", "pk": 22, "fields": {"name": "Can add product", "content_type": 8, "codename": "add_product"}}, {"model": "auth.permission", "pk": 23, "fields": {"name": "Can change product", "content_type": 8, "codename": "change_product"}}, {"model": "auth.permission", "pk": 24, "fields": {"name": "Can delete product", "content_type": 8, "codename": "delete_product"}}, {"model": "auth.permission", "pk": 25, "fields": {"name": "Can add order", "content_type": 9, "codename": "add_order"}}, {"model": "auth.permission", "pk": 26, "fields": {"name": "Can change order", "content_type": 9, "codename": "change_order"}}, {"model": "auth.permission", "pk": 27, "fields": {"name": "Can delete order", "content_type": 9, "codename": "delete_order"}}, {"model": "auth.permission", "pk": 28, "fields": {"name": "Can add order item", "content_type": 10, "codename": "add_orderitem"}}, {"model": "auth.permission", "pk": 29, "fields": {"name": "Can change order item", "content_type": 10, "codename": "change_orderitem"}}, {"model": "auth.permission", "pk": 30, "fields": {"name": "Can delete order item", "content_type": 10, "codename": "delete_orderitem"}}, {"model": "auth.permission", "pk": 31, "fields": {"name": "Can add task state", "content_type": 11, "codename": "add_taskmeta"}}, {"model": "auth.permission", "pk": 32, "fields": {"name": "Can change task state", "content_type": 11, "codename": "change_taskmeta"}}, {"model": "auth.permission", "pk": 33, "fields": {"name": "Can delete task state", "content_type": 11, "codename": "delete_taskmeta"}}, {"model": "auth.permission", "pk": 34, "fields": {"name": "Can add saved group result", "content_type": 12, "codename": "add_tasksetmeta"}}, {"model": "auth.permission", "pk": 35, "fields": {"name": "Can change saved group result", "content_type": 12, "codename": "change_tasksetmeta"}}, {"model": "auth.permission", "pk": 36, "fields": {"name": "Can delete saved group result", "content_type": 12, "codename": "delete_tasksetmeta"}}, {"model": "auth.permission", "pk": 37, "fields": {"name": "Can add interval", "content_type": 13, "codename": "add_intervalschedule"}}, {"model": "auth.permission", "pk": 38, "fields": {"name": "Can change interval", "content_type": 13, "codename": "change_intervalschedule"}}, {"model": "auth.permission", "pk": 39, "fields": {"name": "Can delete interval", "content_type": 13, "codename": "delete_intervalschedule"}}, {"model": "auth.permission", "pk": 40, "fields": {"name": "Can add crontab", "content_type": 14, "codename": "add_crontabschedule"}}, {"model": "auth.permission", "pk": 41, "fields": {"name": "Can change crontab", "content_type": 14, "codename": "change_crontabschedule"}}, {"model": "auth.permission", "pk": 42, "fields": {"name": "Can delete crontab", "content_type": 14, "codename": "delete_crontabschedule"}}, {"model": "auth.permission", "pk": 43, "fields": {"name": "Can add periodic tasks", "content_type": 15, "codename": "add_periodictasks"}}, {"model": "auth.permission", "pk": 44, "fields": {"name": "Can change periodic tasks", "content_type": 15, "codename": "change_periodictasks"}}, {"model": "auth.permission", "pk": 45, "fields": {"name": "Can delete periodic tasks", "content_type": 15, "codename": "delete_periodictasks"}}, {"model": "auth.permission", "pk": 46, "fields": {"name": "Can add periodic task", "content_type": 16, "codename": "add_periodictask"}}, {"model": "auth.permission", "pk": 47, "fields": {"name": "Can change periodic task", "content_type": 16, "codename": "change_periodictask"}}, {"model": "auth.permission", "pk": 48, "fields": {"name": "Can delete periodic task", "content_type": 16, "codename": "delete_periodictask"}}, {"model": "auth.permission", "pk": 49, "fields": {"name": "Can add worker", "content_type": 17, "codename": "add_workerstate"}}, {"model": "auth.permission", "pk": 50, "fields": {"name": "Can change worker", "content_type": 17, "codename": "change_workerstate"}}, {"model": "auth.permission", "pk": 51, "fields": {"name": "Can delete worker", "content_type": 17, "codename": "delete_workerstate"}}, {"model": "auth.permission", "pk": 52, "fields": {"name": "Can add task", "content_type": 18, "codename": "add_taskstate"}}, {"model": "auth.permission", "pk": 53, "fields": {"name": "Can change task", "content_type": 18, "codename": "change_taskstate"}}, {"model": "auth.permission", "pk": 54, "fields": {"name": "Can delete task", "content_type": 18, "codename": "delete_taskstate"}}, {"model": "auth.permission", "pk": 55, "fields": {"name": "Can add PayPal IPN", "content_type": 19, "codename": "add_paypalipn"}}, {"model": "auth.permission", "pk": 56, "fields": {"name": "Can change PayPal IPN", "content_type": 19, "codename": "change_paypalipn"}}, {"model": "auth.permission", "pk": 57, "fields": {"name": "Can delete PayPal IPN", "content_type": 19, "codename": "delete_paypalipn"}}, {"model": "auth.user", "pk": 1, "fields": {"password": "pbkdf2_sha256$20000$rBNxXnStcY0G$QhwiD3KT1kerlgD+DLbQ05Zt84jDK6wVpPiQkFEIM3w=", "last_login": "2017-05-19T19:35:19.596Z", "is_superuser": true, "username": "admin", "first_name": "", "last_name": "", "email": "admin@email.com", "is_staff": true, "is_active": true, "date_joined": "2017-05-19T19:30:38.692Z", "groups": [], "user_permissions": []}}, {"model": "auth.user", "pk": 2, "fields": {"password": "pbkdf2_sha256$20000$OIZ0NCI6x09b$6M1a6c4y9aJY/xWclO7CKxAXQOTqH0zZbqSSokqq8w8=", "last_login": "2017-05-20T14:10:48.369Z", "is_superuser": true, "username": "myshop", "first_name": "", "last_name": "", "email": "myshop@email.com", "is_staff": true, "is_active": true, "date_joined": "2017-05-20T14:10:21.713Z", "groups": [], "user_permissions": []}}, {"model": "auth.user", "pk": 3, "fields": {"password": "pbkdf2_sha256$36000$5kVL5dtaFN6D$7PSkJGeK2WCclYwug2zetiyivRITR0+jpbldGcJZVZ4=", "last_login": "2017-06-19T21:24:21.993Z", "is_superuser": true, "username": "paulhuang", "first_name": "", "last_name": "", "email": "paul_hzq@hotmail.com", "is_staff": true, "is_active": true, "date_joined": "2017-06-19T11:12:00.086Z", "groups": [], "user_permissions": []}}, {"model": "admin.logentry", "pk": 1, "fields": {"action_time": "2017-05-19T19:36:32.758Z", "user": 1, "content_type": 7, "object_id": "1", "object_repr": "Green Tea", "action_flag": 1, "change_message": ""}}, {"model": "admin.logentry", "pk": 2, "fields": {"action_time": "2017-05-19T19:36:46.886Z", "user": 1, "content_type": 7, "object_id": "1", "object_repr": "Tea", "action_flag": 2, "change_message": "Changed name."}}, {"model": "admin.logentry", "pk": 3, "fields": {"action_time": "2017-05-19T19:41:35.342Z", "user": 1, "content_type": 8, "object_id": "1", "object_repr": "Green tea", "action_flag": 1, "change_message": ""}}, {"model": "admin.logentry", "pk": 4, "fields": {"action_time": "2017-05-20T14:13:16.615Z", "user": 2, "content_type": 8, "object_id": "2", "object_repr": "Green tea", "action_flag": 1, "change_message": ""}}, {"model": "admin.logentry", "pk": 5, "fields": {"action_time": "2017-05-20T14:17:16.018Z", "user": 2, "content_type": 8, "object_id": "1", "object_repr": "Green tea", "action_flag": 3, "change_message": ""}}, {"model": "admin.logentry", "pk": 6, "fields": {"action_time": "2017-05-20T14:18:08.060Z", "user": 2, "content_type": 8, "object_id": "2", "object_repr": "Green tea", "action_flag": 2, "change_message": "Changed image."}}, {"model": "admin.logentry", "pk": 7, "fields": {"action_time": "2017-05-20T14:18:20.881Z", "user": 2, "content_type": 8, "object_id": "2", "object_repr": "Green tea", "action_flag": 2, "change_message": "Changed image."}}, {"model": "admin.logentry", "pk": 8, "fields": {"action_time": "2017-05-20T14:27:37.010Z", "user": 2, "content_type": 8, "object_id": "3", "object_repr": "Red tea", "action_flag": 1, "change_message": ""}}, {"model": "admin.logentry", "pk": 9, "fields": {"action_time": "2017-05-20T14:29:13.367Z", "user": 2, "content_type": 8, "object_id": "4", "object_repr": "Powder tea", "action_flag": 1, "change_message": ""}}, {"model": "admin.logentry", "pk": 10, "fields": {"action_time": "2017-05-20T14:30:08.993Z", "user": 2, "content_type": 8, "object_id": "5", "object_repr": "Tea", "action_flag": 1, "change_message": ""}}, {"model": "admin.logentry", "pk": 11, "fields": {"action_time": "2017-05-20T14:31:46.946Z", "user": 2, "content_type": 8, "object_id": "5", "object_repr": "Black tea", "action_flag": 2, "change_message": "Changed name."}}, {"model": "admin.logentry", "pk": 12, "fields": {"action_time": "2017-05-20T14:32:44.241Z", "user": 2, "content_type": 8, "object_id": "5", "object_repr": "Black tea", "action_flag": 2, "change_message": "Changed image."}}, {"model": "admin.logentry", "pk": 13, "fields": {"action_time": "2017-05-20T18:12:41.606Z", "user": 2, "content_type": 8, "object_id": "5", "object_repr": "Black tea", "action_flag": 2, "change_message": "Changed description."}}, {"model": "admin.logentry", "pk": 14, "fields": {"action_time": "2017-05-20T18:12:52.087Z", "user": 2, "content_type": 8, "object_id": "2", "object_repr": "Green tea", "action_flag": 2, "change_message": "Changed description."}}, {"model": "admin.logentry", "pk": 15, "fields": {"action_time": "2017-05-20T18:13:04.874Z", "user": 2, "content_type": 8, "object_id": "4", "object_repr": "Powder tea", "action_flag": 2, "change_message": "Changed description."}}, {"model": "admin.logentry", "pk": 16, "fields": {"action_time": "2017-05-20T18:13:18.386Z", "user": 2, "content_type": 8, "object_id": "3", "object_repr": "Red tea", "action_flag": 2, "change_message": "Changed description."}}, {"model": "admin.logentry", "pk": 17, "fields": {"action_time": "2017-05-20T18:14:20.601Z", "user": 2, "content_type": 8, "object_id": "5", "object_repr": "Black tea", "action_flag": 2, "change_message": "Changed image."}}, {"model": "admin.logentry", "pk": 18, "fields": {"action_time": "2017-05-22T13:53:31.872Z", "user": 2, "content_type": 8, "object_id": "5", "object_repr": "Black tea", "action_flag": 2, "change_message": "Changed description."}}, {"model": "admin.logentry", "pk": 19, "fields": {"action_time": "2017-05-22T13:53:44.421Z", "user": 2, "content_type": 8, "object_id": "2", "object_repr": "Green tea", "action_flag": 2, "change_message": "Changed description."}}, {"model": "admin.logentry", "pk": 20, "fields": {"action_time": "2017-05-22T13:53:53.596Z", "user": 2, "content_type": 8, "object_id": "4", "object_repr": "Powder tea", "action_flag": 2, "change_message": "Changed description."}}, {"model": "admin.logentry", "pk": 21, "fields": {"action_time": "2017-05-22T13:54:04.616Z", "user": 2, "content_type": 8, "object_id": "3", "object_repr": "Red tea", "action_flag": 2, "change_message": "Changed description."}}, {"model": "admin.logentry", "pk": 22, "fields": {"action_time": "2017-06-19T12:54:08.867Z", "user": 3, "content_type": 7, "object_id": "2", "object_repr": "Sunglasses", "action_flag": 1, "change_message": ""}}, {"model": "admin.logentry", "pk": 23, "fields": {"action_time": "2017-06-19T12:55:33.875Z", "user": 3, "content_type": 8, "object_id": "6", "object_repr": "burberryglass1", "action_flag": 1, "change_message": ""}}, {"model": "admin.logentry", "pk": 24, "fields": {"action_time": "2017-06-19T12:57:45.134Z", "user": 3, "content_type": 8, "object_id": "7", "object_repr": "Burburry sunglass", "action_flag": 1, "change_message": ""}}, {"model": "admin.logentry", "pk": 25, "fields": {"action_time": "2017-06-19T13:01:45.853Z", "user": 3, "content_type": 8, "object_id": "8", "object_repr": "chanel-butterfly-sunglass-1", "action_flag": 1, "change_message": ""}}, {"model": "admin.logentry", "pk": 26, "fields": {"action_time": "2017-06-19T13:05:02.098Z", "user": 3, "content_type": 7, "object_id": "3", "object_repr": "Shoes", "action_flag": 1, "change_message": ""}}, {"model": "admin.logentry", "pk": 27, "fields": {"action_time": "2017-06-19T13:05:35.416Z", "user": 3, "content_type": 7, "object_id": "4", "object_repr": "Bags", "action_flag": 1, "change_message": ""}}, {"model": "admin.logentry", "pk": 28, "fields": {"action_time": "2017-06-19T13:05:45.843Z", "user": 3, "content_type": 7, "object_id": "5", "object_repr": "Watches", "action_flag": 1, "change_message": ""}}, {"model": "admin.logentry", "pk": 29, "fields": {"action_time": "2017-06-19T13:06:24.685Z", "user": 3, "content_type": 7, "object_id": "6", "object_repr": "Jewelry", "action_flag": 1, "change_message": ""}}, {"model": "admin.logentry", "pk": 30, "fields": {"action_time": "2017-06-19T13:07:51.399Z", "user": 3, "content_type": 8, "object_id": "9", "object_repr": "Burberry backbag", "action_flag": 1, "change_message": ""}}, {"model": "admin.logentry", "pk": 31, "fields": {"action_time": "2017-06-19T13:09:01.411Z", "user": 3, "content_type": 8, "object_id": "10", "object_repr": "burberry bags", "action_flag": 1, "change_message": ""}}, {"model": "admin.logentry", "pk": 32, "fields": {"action_time": "2017-06-19T13:09:45.043Z", "user": 3, "content_type": 8, "object_id": "11", "object_repr": "Burberry-necklace", "action_flag": 1, "change_message": ""}}, {"model": "admin.logentry", "pk": 33, "fields": {"action_time": "2017-06-19T13:14:52.933Z", "user": 3, "content_type": 8, "object_id": "12", "object_repr": "Necklace-Burberry", "action_flag": 1, "change_message": ""}}, {"model": "admin.logentry", "pk": 34, "fields": {"action_time": "2017-06-19T14:18:25.005Z", "user": 3, "content_type": 8, "object_id": "13", "object_repr": "shoes-burberry", "action_flag": 1, "change_message": ""}}, {"model": "admin.logentry", "pk": 35, "fields": {"action_time": "2017-06-19T15:02:16.822Z", "user": 3, "content_type": 8, "object_id": "14", "object_repr": "burberry shoes", "action_flag": 1, "change_message": ""}}, {"model": "admin.logentry", "pk": 36, "fields": {"action_time": "2017-06-19T15:03:06.824Z", "user": 3, "content_type": 8, "object_id": "5", "object_repr": "Black tea", "action_flag": 3, "change_message": ""}}, {"model": "admin.logentry", "pk": 37, "fields": {"action_time": "2017-06-19T15:03:14.482Z", "user": 3, "content_type": 8, "object_id": "2", "object_repr": "Green tea", "action_flag": 3, "change_message": ""}}, {"model": "admin.logentry", "pk": 38, "fields": {"action_time": "2017-06-19T15:03:29.110Z", "user": 3, "content_type": 8, "object_id": "4", "object_repr": "Powder tea", "action_flag": 3, "change_message": ""}}, {"model": "admin.logentry", "pk": 39, "fields": {"action_time": "2017-06-19T15:03:29.115Z", "user": 3, "content_type": 8, "object_id": "3", "object_repr": "Red tea", "action_flag": 3, "change_message": ""}}, {"model": "admin.logentry", "pk": 40, "fields": {"action_time": "2017-06-19T15:04:52.810Z", "user": 3, "content_type": 7, "object_id": "1", "object_repr": "Tea", "action_flag": 3, "change_message": ""}}, {"model": "admin.logentry", "pk": 41, "fields": {"action_time": "2017-06-19T16:02:23.367Z", "user": 3, "content_type": 8, "object_id": "15", "object_repr": "gucci-watch", "action_flag": 1, "change_message": "[{\"added\": {}}]"}}, {"model": "admin.logentry", "pk": 42, "fields": {"action_time": "2017-06-19T21:29:21.378Z", "user": 3, "content_type": 8, "object_id": "16", "object_repr": "coach -necklace", "action_flag": 1, "change_message": "[{\"added\": {}}]"}}]